id,question_stem,choices,answerKey,fact1,humanScore,clarity,turkIdAnonymized,stem_length,semantic,grammatical,syntactic,mcq_prompt_number_tokens,semantic_norm,grammatical_norm,syntactic_norm,humanScore_norm,clarity_norm,combined_complexity
12-686,What are some birds?,"{'text': array(['people', 'creature eaters', 'fish', 'solar'], dtype=object), 'label': array(['A', 'B', 'C', 'D'], dtype=object)}",B,some birds are predators,0.8,1.2,1e6dc77bb6,20,73.08915265183896,2.9912101063829786,6.477941176470589,47.0,0.03153193327965933,0.016473613896743382,0.039467568692020706,0.0,0.6,0.056241934760527024
12-782,what do planets orbit?,"{'text': array(['volcanos', 'starlight', 'astral beings', 'people'], dtype=object), 'label': array(['A', 'B', 'C', 'D'], dtype=object)}",C,planets orbit stars,0.8,1.6,1e6dc77bb6,22,71.5808659400791,3.7050398936170215,6.492647058823529,47.0,0.02152470876257028,0.1437522376900374,0.041743952233103586,0.0,0.8,0.1021062696057134
9-286,How many odorant receptors do honey bees have?,"{'text': array(['4', '270', '170', '70'], dtype=object), 'label': array(['A', 'B', 'C', 'D'], dtype=object)}",C,bees convert nectar into honey,0.8,1.8,150eb89dbe,46,77.82078867405653,3.5602500000000004,6.640845070422535,50.0,0.06292552949601057,0.11793563725065324,0.0646841272140178,0.0,0.9,0.1186635881882045
14-1063,Which is likely to cause a spark?,"{'text': array(['ocean sand', 'wet dirt', 'swamp mud', 'loose brush'], dtype=object), 'label': array(['A', 'B', 'C', 'D'], dtype=object)}",D,dry wood easily burns,0.8,1.4,7b06152ffc,33,87.57348093949258,2.9929599056603777,7.366666666666667,53.0,0.12763297562369008,0.016785609904650018,0.17703701402480498,0.0,0.7,0.1314366798659435
12-664,What might have more radiation?,"{'text': array(['cats', 'grass', 'water', 'cigarettes'], dtype=object), 'label': array(['A', 'B', 'C', 'D'], dtype=object)}",D,radiation is when heat is transferred through waves,1.0,0.8,cee82219a0,31,78.58495479635894,3.542273936170213,6.492647058823529,47.0,0.06799564109655028,0.11473043524536683,0.041743952233103586,1.0,0.4,0.1373410085725062
11-154,What might cause a change in the Earth's surface?,"{'text': array(['Plastic Bottles', 'Happiness', 'Love', 'Sadness'], dtype=object), 'label': array(['A', 'B', 'C', 'D'], dtype=object)}",A,natural events usually cause changes to Earth 's surface,1.0,1.6,cee82219a0,49,85.57530876994133,3.195961538461539,6.417808219178082,52.0,0.11437544483157243,0.05298158955245926,0.030159342842523536,1.0,0.8,0.14925491316796657
13-650,Which is likeliest to attract a magnet?,"{'text': array(['feathers', 'a wrench', 'hair', 'blood'], dtype=object), 'label': array(['A', 'B', 'C', 'D'], dtype=object)}",B,if a magnet is attracted to a metal then that magnet will stick to that metal,1.0,2.0,7b06152ffc,39,76.83383179176599,3.30125,6.555555555555555,50.0,0.05637723928516361,0.07175493121680021,0.051481815158847685,1.0,1.0,0.15388419569824346
10-685,What can cause animals to leave an environment?,"{'text': array(['grass', 'abundant food', 'earth tremors', 'natural winds'],
      dtype=object), 'label': array(['A', 'B', 'C', 'D'], dtype=object)}",C,natural disasters can cause animals to leave an environment,0.8,1.8,1e6dc77bb6,47,85.32478990033269,4.192959905660377,6.45945945945946,53.0,0.1127132949535722,0.23075027106535867,0.03660670829579469,0.0,0.9,0.15902108229441766
10-198,Alternative fuel is usually a renewable what?,"{'text': array(['sound', 'meal', 'drink', 'asset'], dtype=object), 'label': array(['A', 'B', 'C', 'D'], dtype=object)}",D,alternative fuel is usually a renewable resource,1.0,0.67,1e6dc77bb6,45,79.84351324569434,4.057589285714286,6.507142857142857,49.0,0.07634596127916549,0.20661316370879165,0.04398781600931406,1.0,0.335,0.16483408229918134
10-793,An animal that clucks has,"{'text': array(['four legs', 'fur', 'teeth', 'wings'], dtype=object), 'label': array(['A', 'B', 'C', 'D'], dtype=object)}",D,chickens cluck,1.0,0.83,7189327f06,25,77.8254804238677,3.6739583333333337,7.0144927536231885,48.0,0.06295665845403449,0.1382102747613329,0.12252257687573834,1.0,0.415,0.16785685302733172
14-1392,An earthquake causes the ground to do what?,"{'text': array(['rain', 'erupt', 'calm', 'quiver'], dtype=object), 'label': array(['A', 'B', 'C', 'D'], dtype=object)}",D,an earthquake causes the ground to shake,1.0,2.0,1e6dc77bb6,43,83.08567532338202,3.29225,6.683098591549296,50.0,0.0978571524732825,0.0701501962580949,0.07122472217712965,1.0,1.0,0.17176962127255213
12-210,Which is least likely to have a constant volume?,"{'text': array(['ice', 'play doh', 'food', 'car exhaust'], dtype=object), 'label': array(['A', 'B', 'C', 'D'], dtype=object)}",D,Matter in the gas phase has variable volume,1.0,1.4,7b06152ffc,48,96.82091980986297,3.354280660377359,6.445945945945946,53.0,0.18898815183940834,0.08121050394910877,0.03451489639317777,1.0,0.7,0.17641406565450848
14-41,What eats other animals for food?,"{'text': array(['marlins', 'goats', 'rabbits', 'elephants'], dtype=object), 'label': array(['A', 'B', 'C', 'D'], dtype=object)}",A,a predator eats other animals for food,1.0,2.0,fceb6ad063,33,68.82514214143157,4.107916666666666,6.507246376811594,48.0,0.0032409524017028594,0.21558673121927657,0.044003840241280213,1.0,1.0,0.1788494571586779
14-1196,Which is a byproduct of a lightbulb?,"{'text': array(['taste', 'death', 'warmth', 'sound'], dtype=object), 'label': array(['A', 'B', 'C', 'D'], dtype=object)}",C,an incandescent light bulb converts electricity into heat by sending electricity through a filament,1.0,2.0,7b06152ffc,36,82.3339093727991,3.167793367346939,7.107142857142858,49.0,0.09286931389250747,0.04795909522908242,0.13686426448550165,1.0,1.0,0.18330780208212744
10-13,What are formed by natural geological processes?,"{'text': array(['animals', 'lifeless matter', 'air flow', 'companies'],
      dtype=object), 'label': array(['A', 'B', 'C', 'D'], dtype=object)}",B,all minerals are formed by natural geological processes,0.83,1.33,1e6dc77bb6,48,87.83249104488641,4.620625,6.520833333333333,51.0,0.12935146339969564,0.30700461856589206,0.04610702068684607,0.1499999999999996,0.665,0.18548893079573012
1683,"The doorbell was pushed, but sound failed to emit. What might cause this?","{'text': array(['atmospheric pressure', 'Batteries dead', 'storm', 'temperature'],
      dtype=object), 'label': array(['A', 'B', 'C', 'D'], dtype=object)}",B,a doorbell converts electrical energy into sound,1.0,1.8,303bb2cb4a,73,92.36282983142883,3.7250526315789485,6.253164556962025,57.0,0.1594094868656112,0.14732058660413888,0.0046734784912894735,1.0,0.9,0.18842106558831187
9-356,What causes objects that have mass to be pulled down?,"{'text': array(['planetary pull', 'wind', 'water force', 'weight'], dtype=object), 'label': array(['A', 'B', 'C', 'D'], dtype=object)}",A,gravitational force causes objects that have mass to be pulled down on a planet,0.8,1.8,1e6dc77bb6,53,108.33945216238499,3.9215277777777784,6.48,54.0,0.2654116451051858,0.18235286833991668,0.03978626238777231,0.0,0.9,0.19126523274986246
14-1440,A wire can be caused to heat up when what kind of current flows through it?,"{'text': array(['wind', 'rocky', 'water', 'zapping power'], dtype=object), 'label': array(['A', 'B', 'C', 'D'], dtype=object)}",D,electrical current running through a wire causes that wire to heat up,1.0,2.0,1e6dc77bb6,75,96.82992158923298,3.3546080508474576,6.49375,59.0,0.18904787710683038,0.08126887894161032,0.041914680998684936,1.0,1.0,0.1936694311141377
501,"What contributes more, though less than some believe, to the lung damage caused by smoking?","{'text': array(['smoking less', 'switching to chewing', 'no filters',
       'switching to e-cigs'], dtype=object), 'label': array(['A', 'B', 'C', 'D'], dtype=object)}",C,smoking causes direct damage to the lungs,0.8,2.0,a9f90f5da1,91,83.83071239944547,4.559950396825398,6.795454545454545,63.0,0.10280034612180519,0.29618610114146354,0.08861675878358591,0.0,1.0,0.1962809618140564
12-464,Who is likeliest to overuse hot water?,"{'text': array(['a rabbit', 'a squirrel', 'a bird', 'the Johnson family'],
      dtype=object), 'label': array(['A', 'B', 'C', 'D'], dtype=object)}",D,a shower is a source of hot water for washing,1.0,2.0,7b06152ffc,38,85.57781277783215,3.8252314814814827,6.566666666666666,54.0,0.11439205849591133,0.1651828646665266,0.053201749389888184,1.0,1.0,0.19983300176569785
12-259,All of the following might be found on the natural satellite orbiting our planet excluding what?,"{'text': array(['H2O', 'rocks', 'dust', 'footprints'], dtype=object), 'label': array(['A', 'B', 'C', 'D'], dtype=object)}",A,the moon does not contain water,0.8,2.0,3f32b550f3,96,92.32031337358057,4.3748706896551735,6.74375,58.0,0.15912739743523868,0.2631856704477966,0.0806132011970964,0.0,1.0,0.2008778807240395
10-753,What purpose does a plant light serve?,"{'text': array(['Comfort them', 'Mimic sunlight', 'Keep plants warm',
       'Protect from bugs'], dtype=object), 'label': array(['A', 'B', 'C', 'D'], dtype=object)}",B,a plant light is used for help plants by mimicking sunlight,1.0,2.0,91004984b9,38,104.83028497267514,3.2044886363636365,6.526666666666666,55.0,0.24212892063269187,0.05450200423021466,0.04700998615814234,1.0,1.0,0.20309227330631469
13-582,Sprinklers during the summer is prohibited because of,"{'text': array(['documentation', 'vaporization', 'solicitation', 'rowdy neighbors'],
      dtype=object), 'label': array(['A', 'B', 'C', 'D'], dtype=object)}",B,evaporation is when water is drawn back up into the air in the water cycle,0.8,1.2,dc78319bb0,53,71.06836055032909,5.668823529411765,6.722222222222222,51.0,0.01812432310548106,0.4939024878781766,0.07728082862445537,0.0,0.6,0.20679229188243392
7-1075,What does harming an organism cause?,"{'text': array(['change in appearance', 'nothing', 'population increase',
       'population decrease'], dtype=object), 'label': array(['A', 'B', 'C', 'D'], dtype=object)}",D,harming an animal species causes that animal 's population to decrease,1.0,1.6,78e0a411ed,36,83.3442045301199,4.475769230769231,6.308219178082192,52.0,0.09957244956890708,0.2811762722486959,0.013195607961028168,1.0,0.8,0.20818329893358933
12-913,To look at an eclipse you might be able to use,"{'text': array(['nothing', 'telescope', 'Plain old sunglasses', 'a box'],
      dtype=object), 'label': array(['A', 'B', 'C', 'D'], dtype=object)}",D,looking directly at an eclipse of the Sun causes harm to the eyes,0.8,1.0,cee82219a0,46,87.066705676727,4.612380952380953,7.447368421052632,56.0,0.12427060837967671,0.3055346728530568,0.18952916791341498,0.0,0.5,0.21080033474384455
13-655,two females are incapable of,"{'text': array(['conjuring kin', 'talk', 'dance', 'jog together'], dtype=object), 'label': array(['A', 'B', 'C', 'D'], dtype=object)}",A,two females can not usually reproduce with each other,1.0,2.0,6240cdfd8d,28,78.82970050070435,4.4793537414966,6.413043478260869,49.0,0.06961948700985134,0.2818154044347029,0.029421789152023724,1.0,1.0,0.21425700417897336
13-85,Portable energy is useful for,"{'text': array(['soda bottles', 'drool', 'cascading style sheets', 'cattle prods'],
      dtype=object), 'label': array(['A', 'B', 'C', 'D'], dtype=object)}",D,batteries convert chemical energy to electrical energy,0.8,1.6,7c933a44d8,29,78.82360848225653,4.8364705882352945,7.354166666666667,51.0,0.0695790675087749,0.3454907253573909,0.1751020880148844,0.0,0.8,0.21705156426431504
14-1379,What type of aspect can be made from the moving winds?,"{'text': array(['snow', 'wood', 'bananas', 'electricity'], dtype=object), 'label': array(['A', 'B', 'C', 'D'], dtype=object)}",D,wind is a source of energy,1.0,2.0,52dbc5c7af,54,97.33216748293489,3.7656014150943395,6.54054054054054,53.0,0.19238019276132332,0.15455059220859688,0.04915757971149564,1.0,1.0,0.21882650940442477
14-184,A patch of thistle grows larger when this is increased:,"{'text': array(['dampness', 'yeast', 'flour', 'milk production'], dtype=object), 'label': array(['A', 'B', 'C', 'D'], dtype=object)}",A,"as the amount of water received by a plant increases , that plant will usually grow",1.0,2.0,b356d338b7,55,81.32463853061199,4.582232704402516,6.351351351351351,53.0,0.086172974371931,0.3001591231336442,0.019872213074859892,1.0,1.0,0.2218612931741305
7-890,"A bird makes its home in various places, such as","{'text': array(['groves of plants', 'waterways', 'city streets', 'public parks'],
      dtype=object), 'label': array(['A', 'B', 'C', 'D'], dtype=object)}",A,some birds live in forests,0.8,0.6,b356d338b7,48,105.58487499319017,4.862380952380953,6.846153846153847,56.0,0.24713549643474064,0.3501106439282045,0.09646471043221497,0.0,0.3,0.22311325523854802
8-433,What could be put on a wall so that a neighbor stops complaining about your guitar playing at night?,"{'text': array(['paint', 'wallpaper', 'carpet', 'curtains'], dtype=object), 'label': array(['A', 'B', 'C', 'D'], dtype=object)}",C,carpet absorbs sound,0.8,1.0,e57e0b59c9,100,104.32535331789404,4.929129098360656,6.652439024390244,61.0,0.23877878541252273,0.3620120976262485,0.06647880266121312,0.0,0.5,0.22518090570999527
12-64,Teak can be found in,"{'text': array(['glacier sheets', 'blue songs', 'groves', 'underwater trenches'],
      dtype=object), 'label': array(['A', 'B', 'C', 'D'], dtype=object)}",C,if something is a raw material then that something comes directly from a source,1.0,2.0,7c933a44d8,20,87.07341503165662,4.124166666666667,6.753521126760564,50.0,0.12431512380278699,0.2184841693391614,0.08212571378231603,1.0,1.0,0.2274775020772793
7-397,"If two hawks find a dead fox, they will","{'text': array(['eat', 'battle', 'starve', 'fly'], dtype=object), 'label': array(['A', 'B', 'C', 'D'], dtype=object)}",B,if two animals have the same food source then those two animals compete for food,0.8,1.8,b356d338b7,39,89.07451095990837,4.22764705882353,7.780821917808219,51.0,0.1375920532341166,0.2369351252096784,0.24114579543112308,0.0,0.9,0.2297018921624754
11-161,Which of the following comprises the energy that fuels a toaster?,"{'text': array(['microns', 'protons', 'electrons', 'TRONs'], dtype=object), 'label': array(['A', 'B', 'C', 'D'], dtype=object)}",C,electricity is made of moving charges,1.0,1.2,7b06152ffc,65,76.57398544624448,4.615601415094341,7.166666666666666,53.0,0.05465320319885163,0.3061088938640992,0.14607819786607565,1.0,0.6,0.23205208847870792
1977,Materials like ethanol are used to produce electricity by _____.,"{'text': array(['hydroelectric power', 'renewable energy', 'burning',
       'carbon fixation'], dtype=object), 'label': array(['A', 'B', 'C', 'D'], dtype=object)}",C,biofuel is used to produce electricity by burning,0.8,2.0,123d66ccd7,64,87.8283048151061,5.314488636363637,6.55625,55.0,0.12932368848066655,0.4307232001044611,0.051589311048287796,0.0,1.0,0.2334908598900246
13-536,The sidewalk next to a house having a crack in it and having vegetation growing from it is considered?,"{'text': array(['insects', 'weathering', 'erosion', 'lava'], dtype=object), 'label': array(['A', 'B', 'C', 'D'], dtype=object)}",B,soil erosion is when wind move soil from environments,0.8,1.8,52dbc5c7af,102,101.06860576849431,4.498801229508198,7.091463414634147,61.0,0.21717082210672953,0.28528296708705997,0.13443717959500892,0.0,0.9,0.23606729063663953
10-624,the nervous system sends observations in the form of electrical signals to what?,"{'text': array(['cell towers', 'persons flesh', 'computers', 'plugs'], dtype=object), 'label': array(['A', 'B', 'C', 'D'], dtype=object)}",B,the nervous system sends observations in the form of electrical signals to the rest of the body,1.0,2.0,1e6dc77bb6,80,86.5677699483931,4.693190789473684,6.352564102564102,57.0,0.12096025510658527,0.3199433806963888,0.020059939784069114,1.0,1.0,0.23828907267611293
14-198,Which would you have the most difficult time spotting in the woods?,"{'text': array(['an adult Brontosaurus', 'a polar bear', 'a large airplane',
       'satanic leaf-tailed gecko'], dtype=object), 'label': array(['A', 'B', 'C', 'D'], dtype=object)}",D,An example of camouflage is an organism looking like leaves,1.0,1.6,7c933a44d8,67,95.56759894732386,4.252459677419354,6.729411764705882,62.0,0.1806725821499119,0.24135931148498294,0.0783937272445404,1.0,0.8,0.24012768626383055
11-67,Glass can become a liquid if,"{'text': array(['it is baked', 'it is frozen', 'it is dampened', 'it is dyed'],
      dtype=object), 'label': array(['A', 'B', 'C', 'D'], dtype=object)}",A,melting point means temperature above which a solid melts,1.0,2.0,b356d338b7,28,95.06685452722013,4.347202380952382,6.48,56.0,0.17735022851609206,0.25825230353406103,0.03978626238777231,1.0,1.0,0.2426166383313776
14-1112,Other than sight bloodhounds can find a meal by,"{'text': array(['social media', 'their phone', 'the internet', 'stench'],
      dtype=object), 'label': array(['A', 'B', 'C', 'D'], dtype=object)}",D,smell is used for finding food by some animals,1.0,2.0,dc78319bb0,47,81.31674016360193,4.550092592592593,6.88,54.0,0.08612057005690804,0.2944284163560796,0.10170389470523057,1.0,1.0,0.24467586433546545
884,There are now many more people because of,"{'text': array(['efficient farming', 'more cities', 'computers', 'global warming'],
      dtype=object), 'label': array(['A', 'B', 'C', 'D'], dtype=object)}",A,the increase of something required by an organism has a positive impact on that organism 's survival,1.0,1.6,7189327f06,41,78.3221886921674,4.9935534591194966,6.77027027027027,53.0,0.0662522329105447,0.37349921139313225,0.08471838205598187,1.0,0.8,0.24734094790789765
7-748,what can baking soda and vinegar do together?,"{'text': array(['they will boil', 'they turn hard', 'a combined reaction',
       'they do nothing'], dtype=object), 'label': array(['A', 'B', 'C', 'D'], dtype=object)}",C,baking soda can react chemically with vinegar,1.0,1.8,cf7109905e,45,101.06647869385779,4.377456896551725,6.448717948717949,58.0,0.2171567093301027,0.26364680118305667,0.034943986014227456,1.0,0.9,0.24972424895821607
12-605,Which of the following is true?,"{'text': array(['lemonade can be heated to form water',
       'lemonade can be cooled to form steam',
       'lemonade can be heated to form steam',
       'water can be cooled to form steam'], dtype=object), 'label': array(['A', 'B', 'C', 'D'], dtype=object)}",C,steam is a kind of water above 100 degrees celsius,0.8,1.4,7b06152ffc,31,137.31324260123074,3.9915277777777782,6.67741935483871,72.0,0.4576477921002804,0.194834140240958,0.07034560995090496,0.0,0.7,0.251848262687643
12-448,Plankton can be the food as well as the creator of,"{'text': array(['water', 'magic', 'nourishment', 'alcohol'], dtype=object), 'label': array(['A', 'B', 'C', 'D'], dtype=object)}",C,In the food chain process some types of plankton have the role of producer,1.0,2.0,dc78319bb0,50,84.56806285120547,4.820911949685536,6.628378378378378,53.0,0.10769254033196944,0.34271655966954007,0.06275435707850506,1.0,1.0,0.25394903712400435
7-1006,A way to keep a cup of coffee warm is to,"{'text': array(['cook it in the oven', 'heat it with a torch', 'put it in the sun',
       'use a heated plate'], dtype=object), 'label': array(['A', 'B', 'C', 'D'], dtype=object)}",D,a hot plate is a source of heat,0.8,0.6,b356d338b7,40,112.31498519983143,5.354166666666668,6.747191011235955,68.0,0.29178862726026394,0.43779794702888797,0.08114584936836663,0.0,0.3,0.25821972709725555
9-854,an animal needs to burn complex carbohydrates to,"{'text': array(['stay up', 'move', 'sit', 'sleep'], dtype=object), 'label': array(['A', 'B', 'C', 'D'], dtype=object)}",B,an animal requires energy to move,1.0,1.6,dc78319bb0,48,88.32067650649697,4.712941176470588,6.965277777777778,51.0,0.13259049049064928,0.32346495141437664,0.1149043899284665,1.0,0.8,0.26128794955004775
10-721,Due to weathering,"{'text': array(['large submarines are built', 'new bikes are raced',
       'holes in the pathway', '2nd story houses are built'], dtype=object), 'label': array(['A', 'B', 'C', 'D'], dtype=object)}",C,weathering means breaking down surface materials from larger whole into smaller pieces by weather,1.0,1.2,52dbc5c7af,17,100.31883965153247,4.679454022988507,6.759493670886076,58.0,0.21219625208019355,0.31749406187435153,0.08305022826022423,1.0,0.6,0.2638221626644308
13-938,Ground has,"{'text': array(['electricity', 'divorce', 'elements', 'common understanding'],
      dtype=object), 'label': array(['A', 'B', 'C', 'D'], dtype=object)}",C,Earth is made of rock,1.0,2.0,7c933a44d8,10,83.33700794074684,4.608333333333334,7.159090909090909,45.0,0.09952470142854894,0.3048129666546974,0.14490551543582086,1.0,1.0,0.2647729550557201
7-650,"When a plant is watered, spraying water on leaves is less useful than","{'text': array(['spritzing the stem of the plant', 'putting the plant in the rain',
       'using a sprinkler system', 'pouring water on soil'], dtype=object), 'label': array(['A', 'B', 'C', 'D'], dtype=object)}",D,roots are a vehicle for absorbing water and nutrients from soil into the plant,0.8,1.0,b356d338b7,69,112.31433633249253,5.088638497652583,7.021505376344086,71.0,0.291784322136383,0.39045324310245283,0.12360808936377231,0.0,0.5,0.26675369638078245
7-521,A disperser is able to,"{'text': array(['leave things', 'break things', 'redirect things',
       'shorten things'], dtype=object), 'label': array(['A', 'B', 'C', 'D'], dtype=object)}",C,a disperser disperses,1.0,1.4,b356d338b7,22,105.81127709150314,4.409019607843137,6.847222222222222,51.0,0.24863763565753763,0.26927455520537363,0.0966300887236611,1.0,0.7,0.2693626838759717
14-1323,Which is successful reproduction?,"{'text': array(['A clay tablet splits into two identical halves',
       'A bird chirps to its mate', 'A doe runs beside her fawn',
       'A smaller iceberg splits from a larger one'], dtype=object), 'label': array(['A', 'B', 'C', 'D'], dtype=object)}",C,reproduction produces offspring,0.8,1.8,fce83d330e,33,118.30466165672988,5.195178571428572,6.3125,70.0,0.3315291067205433,0.4094497520903833,0.013858253854836565,0.0,0.9,0.2714511337997289
12-994,what is the proportionality of a rise in bacteria content and human health?,"{'text': array(['they are inversely proportional', 'they are in direct proportion',
       'they both cancel each other out', 'they lack a relationship'],
      dtype=object), 'label': array(['A', 'B', 'C', 'D'], dtype=object)}",A,reducing bacteria in food prevents illness in people,0.8,1.2,cf7109905e,75,108.81611801031977,5.753035714285715,6.45,70.0,0.2685742415284787,0.5089178475466413,0.0351424399639629,0.0,0.6,0.27379035871172486
13-414,animals learn some behaviors from watching their,"{'text': array(['rocks', 'toys', 'caretakers', 'trees'], dtype=object), 'label': array(['A', 'B', 'C', 'D'], dtype=object)}",C,animals learn some behaviors from watching their parents,1.0,2.0,6240cdfd8d,48,74.81732447911054,5.373231292517008,6.892857142857142,49.0,0.042998057952624125,0.441197243870741,0.10369410431543453,1.0,1.0,0.27636682184163985
14-475,"If someone wants you to stop, they want you to","{'text': array(['be fast', 'eat cheese', 'be slow', 'be still'], dtype=object), 'label': array(['A', 'B', 'C', 'D'], dtype=object)}",D,stopped means no speed,1.0,2.0,bdb4135787,46,96.56330952048302,4.689166666666667,6.788461538461538,56.0,0.1872789516033806,0.31922586396899505,0.0875342826941199,1.0,1.0,0.27821172947994866
12-602,adobe works as an electrical,"{'text': array(['paper weight', 'pie filler', 'chiller', 'anti-conductor'],
      dtype=object), 'label': array(['A', 'B', 'C', 'D'], dtype=object)}",D,brick is an electrical insulator,1.0,1.2,dc78319bb0,28,83.82850239612162,5.174251700680273,7.243055555555555,49.0,0.10278568312751314,0.4057184097497051,0.1579027457044792,1.0,0.6,0.2799220515745092
14-366,Which would be conserving resources?,"{'text': array(['buying a new truck', 'buying a new SUV',
       'eating only steaks and caviar',
       'abstaining from riding a motorcycle'], dtype=object), 'label': array(['A', 'B', 'C', 'D'], dtype=object)}",D,An example of conservation is not using fossil fuel,1.0,2.0,7b06152ffc,36,92.57041485700756,4.971752049180329,6.725609756097561,61.0,0.16078677802726857,0.3696119353177491,0.07780519881684575,1.0,1.0,0.282461173648559
13-883,If a liquid disappears then what probably happened to it?,"{'text': array(['gas transformation', 'solidifying', 'melting', 'cooling'],
      dtype=object), 'label': array(['A', 'B', 'C', 'D'], dtype=object)}",A,if a liquid disappears then that liquid probably evaporated,1.0,2.0,1e6dc77bb6,57,78.32466683816165,5.221261792452831,7.108108108108108,53.0,0.06626867498562047,0.41410049171407937,0.13701367962140276,1.0,1.0,0.2852148538963308
13-736,"over a period of three years, a farmer cultivates, corn, millet and potatoes. What is this exemplary of?","{'text': array(['An amateur farming practice', 'a way to gain attention',
       'a manner of rotating', 'a way to confuse spectators'],
      dtype=object), 'label': array(['A', 'B', 'C', 'D'], dtype=object)}",C,crop rotation is when different crops are planted on a field in different years,1.0,2.0,cf7109905e,104,107.06245027948171,4.611310810810811,6.61734693877551,74.0,0.2569389558934326,0.305343862454349,0.0610467555253485,1.0,1.0,0.28699887216193903
13-360,Sara sorted her marbles into glass ones and marbles made of crystal. This is an example of,"{'text': array(['classifying', 'weighing', 'clarifying', 'justifying'],
      dtype=object), 'label': array(['A', 'B', 'C', 'D'], dtype=object)}",A,classifying is when one sorts something by type,1.0,2.0,3f32b550f3,90,93.81745674461126,4.882574152542374,6.925,59.0,0.16906068779135036,0.35371116995344526,0.10866962834094462,1.0,1.0,0.28943244582572203
10-783,A chemical reaction to vinegar or to baking soda can be caused by adding,"{'text': array(['air', 'bees', 'cola', 'sand'], dtype=object), 'label': array(['A', 'B', 'C', 'D'], dtype=object)}",C,baking soda can react chemically with vinegar,1.0,1.6,b356d338b7,72,88.07314721960574,4.948988095238096,7.357142857142858,56.0,0.13094817598296182,0.36555303390780924,0.17556278468391312,1.0,0.8,0.29161919837240524
9-1072,how come a person can blow into a balloon and use the same air to fill a soccer ball?,"{'text': array(['it is the law of thermodynamics',
       'it is the ability of it to conform',
       'it is a shift in the cosmos', 'all of these'], dtype=object), 'label': array(['A', 'B', 'C', 'D'], dtype=object)}",B,Matter in the gas phase has variable shape,1.0,1.4,cf7109905e,85,123.05146556487307,4.565455246913581,6.475247524752476,81.0,0.36302333926732416,0.29716763729467904,0.03905060735033716,1.0,0.7,0.2947724751737021
9-237,Pollution is,"{'text': array(['Fish swimming in the sea', 'The wind carrying seeds',
       'trees in a forest', 'throwing a gum wrapper in the ocean'],
      dtype=object), 'label': array(['A', 'B', 'C', 'D'], dtype=object)}",D,pollution is when humans pollute the environment with pollutants,1.0,2.0,cee82219a0,12,106.31299392785877,4.849166666666667,6.575,60.0,0.25196644110697114,0.34775448545708953,0.054491700063168634,1.0,1.0,0.29626378798816877
10-16,Large Stag that are hunted prefer to live in the,"{'text': array(['space', 'ocean', 'desert', 'timberland'], dtype=object), 'label': array(['A', 'B', 'C', 'D'], dtype=object)}",D,a deer lives in a forest,1.0,1.71,dc78319bb0,48,83.82247006613761,4.494102564102564,8.143835616438356,52.0,0.10274565964919136,0.2844451767942066,0.29733816722607664,1.0,0.855,0.29810870110084237
10-344,If I wanted to get energy what could I do?,"{'text': array(['Eat a cucumber', 'Go running', 'Eat dust', 'Go swimming'],
      dtype=object), 'label': array(['A', 'B', 'C', 'D'], dtype=object)}",A,having food has a positive impact on an organism 's health,1.0,1.83,cee82219a0,42,120.5778212826699,4.207225877192983,6.916666666666667,57.0,0.34661113228146706,0.23329394920294402,0.10737967766766432,1.0,0.915,0.30193542774562265
14-333,A man will most likely be unable to see if he gets lost in,"{'text': array(['a dense forest', 'a long river', 'a desert', 'a mountain'],
      dtype=object), 'label': array(['A', 'B', 'C', 'D'], dtype=object)}",A,a dense forest environment is often dark in color,0.8,1.6,3f694a1978,58,112.06277914531529,4.9148118279569895,7.716867469879518,62.0,0.2901152831987975,0.35945927270069283,0.2312460254513347,0.0,0.8,0.3042461744052475
12-100,Where would one likely find the least water?,"{'text': array([""in the elephant's habitat"", ""in the crab's habitat"",
       ""in the cow's habitat"", ""in the cactus' habitat""], dtype=object), 'label': array(['A', 'B', 'C', 'D'], dtype=object)}",D,"as dryness increases in an environment , the available water in that environment will decrease",1.0,1.6,7b06152ffc,44,90.5668012034148,4.575040322580644,7.994318181818182,62.0,0.14749314391866275,0.29887669351743146,0.27419375337142277,1.0,0.8,0.30616907724225506
12-577,What one animal commonly associated with America and is the animal on a one dollar bill would eat the long eared animal on a cartoon commonly eating a carrot and saying What's up doc??,"{'text': array(['Jackal', 'Wolf', 'Eagle', 'Bear'], dtype=object), 'label': array(['A', 'B', 'C', 'D'], dtype=object)}",C,eagles eat rabbits,1.0,1.8,e57e0b59c9,184,110.80345600098372,4.97671052631579,6.616161616161616,76.0,0.28175988939559393,0.3704960510512175,0.060863274600886814,1.0,0.9,0.3089357645143095
13-761,"If a dog is hunting, then","{'text': array(['it can sense whales nearby', 'it can sense toys around',
       'it is getting tired',
       'it can sense something using the olfactory'], dtype=object), 'label': array(['A', 'B', 'C', 'D'], dtype=object)}",D,smell is used for finding food by some animals,1.0,2.0,52dbc5c7af,25,108.5694076679647,5.177820512820514,6.453488372093023,65.0,0.26693736057780426,0.40635474281664913,0.0356824193155686,1.0,1.0,0.31269235681300656
11-580,A person wanting to gather dirt for their garden would harvest it from the,"{'text': array(['top layer of earth', 'core of the earth', 'bottom layer of earth',
       'middle layer of earth'], dtype=object), 'label': array(['A', 'B', 'C', 'D'], dtype=object)}",A,the top layer of soil contains the most nutrients,1.0,1.6,b356d338b7,74,100.31653530616313,4.907843137254904,7.382022471910112,68.0,0.21218096314255583,0.3582167280800216,0.1794140017823103,1.0,0.8,0.3149435079014663
10-918,A person buys a cheap hammer and it breaks a month later. The person invests in an expensive hammer and,"{'text': array(['it endures', 'died', 'baked it', 'ate it'], dtype=object), 'label': array(['A', 'B', 'C', 'D'], dtype=object)}",A,"as the time a tool lasts increases , the number of tools discarded will decrease",1.0,0.8,b356d338b7,103,111.30888979975134,5.56264423076923,6.6686046511627906,65.0,0.28511335625528084,0.4749703064979002,0.06898114599792264,1.0,0.4,0.3187194426253311
7-418,Organisms with only one cell,"{'text': array(['are prohibited from specializing', 'can freely specialize openly',
       'are unsure what specializing is', 'learn how to specialize'],
      dtype=object), 'label': array(['A', 'B', 'C', 'D'], dtype=object)}",A,a single-cell organism cannot specialize,0.8,2.0,b356d338b7,28,89.81471023987979,6.272500000000001,7.296296296296296,60.0,0.14250314893250593,0.6015403474449303,0.16614409722821494,0.0,1.0,0.32305627808169535
10-1117,A tree is dead,"{'text': array([""when a raccoon scurries up it's trunk"",
       'when a beaver uses it to a stop up a flowing river',
       'when a possum hides in its branches', 'when an owl lives in it'],
      dtype=object), 'label': array(['A', 'B', 'C', 'D'], dtype=object)}",B,if a tree falls then that tree is dead,0.8,0.8,a8ecf6eaeb,14,121.55484856292605,6.111328828828829,6.847368421052631,74.0,0.353093541280109,0.572802901587835,0.09665271943722738,0.0,0.4,0.3267647486915514
11-247,"Many of our traits are unable to be naturally changeable, so we are stuck with them they way they are unless we opt for surgery. One of those traits is","{'text': array(['language', 'money', 'color', 'home'], dtype=object), 'label': array(['A', 'B', 'C', 'D'], dtype=object)}",C,the colors of the parts of an organism are inherited characteristics,1.0,1.2,bdb4135787,151,107.5728973094374,5.670000000000001,6.73936170212766,72.0,0.26032568468512735,0.49411225715382445,0.07993391866169872,1.0,0.6,0.3303115581501951
1218,Tsunamis,"{'text': array(['have little impact on the environment', 'can be easily halted',
       'can rearrange coastal shorelines',
       'can encourage economic growth'], dtype=object), 'label': array(['A', 'B', 'C', 'D'], dtype=object)}",C,natural events usually cause changes to Earth 's surface,1.0,2.0,a8ecf6eaeb,8,89.32155265007168,5.93921052631579,6.826923076923077,57.0,0.13923113262086056,0.5421135396905361,0.09348790118618319,1.0,1.0,0.3324497720492739
12-1140,"If a cat has a body temp that is below average, it is in","{'text': array(['good health', 'a good place', 'danger', 'safe ranges'],
      dtype=object), 'label': array(['A', 'B', 'C', 'D'], dtype=object)}",C,an animal usually requires a warm body temperature for survival,1.0,1.8,b356d338b7,56,120.06754880119115,5.035000000000001,6.725609756097561,60.0,0.3432255615890807,0.3808892906229494,0.07780519881684575,1.0,0.9,0.3355760153086627
7-197,To be environmentally friendly,"{'text': array(['use your feet to pedal somewhere', 'hop in a sedan',
       'put the pedal to the metal in a truck',
       'ride a motorcycle around town'], dtype=object), 'label': array(['A', 'B', 'C', 'D'], dtype=object)}",A,riding a bike does not cause pollution,1.0,2.0,a8ecf6eaeb,30,100.06058885063976,5.844469696969697,6.593023255813954,66.0,0.21048280215976298,0.5252208818162684,0.057281593379798296,1.0,1.0,0.3378955832067489
10-632,Galileo Galilei made improvements to the telescope to make better observations of what?,"{'text': array(['plants', 'people', 'space games', 'space rocks'], dtype=object), 'label': array(['A', 'B', 'C', 'D'], dtype=object)}",D,Galileo Galilei made improvements to the telescope to make better observations of celestial bodies,1.0,1.0,1e6dc77bb6,87,117.81981006916612,4.5668750000000005,7.924050632911392,57.0,0.3283121993140223,0.2974207847847353,0.2633167527287737,1.0,0.5,0.3417149210482594
10-438,As a flower becomes more aromatic it will bring in a growing crowd of,"{'text': array(['lazy tourists', 'leaf miners', 'pollinators', 'caterpillars'],
      dtype=object), 'label': array(['A', 'B', 'C', 'D'], dtype=object)}",C,"as the amount of fragrance of a flower increases , the number of pollinators it will attract increases",1.0,1.33,dc78319bb0,69,86.31102285534143,6.258764367816092,7.2025316455696204,58.0,0.11925678203064724,0.5990912308732151,0.15162988430804197,1.0,0.665,0.3442433691635713
13-511,"If a hilly area that reaches incredible peaks is existing, then what happened long ago was","{'text': array(['things were steamed', 'rocks were tiny',
       'stones crumpling together', 'plants were eaten'], dtype=object), 'label': array(['A', 'B', 'C', 'D'], dtype=object)}",C,the Appalachians were formed by rock folding,0.8,1.8,b356d338b7,90,113.31353811174631,6.2906818181818185,6.892045454545455,66.0,0.2984138551455284,0.6047822362503955,0.10356845976933594,0.0,0.9,0.3470293653495779
11-331,Lava is found above the ground because when there is lava there is,"{'text': array(['a soft song', 'a frontal lobe', 'a small indent',
       'a movement happening'], dtype=object), 'label': array(['A', 'B', 'C', 'D'], dtype=object)}",D,lava is found above the ground,1.0,0.6,b356d338b7,66,114.06271925196052,5.550000000000001,7.392857142857142,63.0,0.30338454395133546,0.4727157910377536,0.18109114471225746,1.0,0.3,0.35215744391040393
13-637,"a person takes a dive under the sea and feels faint, with a dart stuck to them. What might have happened?","{'text': array(['they encountered a cnidaria', 'they must have startled a shark',
       'they came in contact with a whale',
       'they encountered the wrath of Poseidon'], dtype=object), 'label': array(['A', 'B', 'C', 'D'], dtype=object)}",A,poisonous darts are used for defense by sea anemones,1.0,2.0,cf7109905e,105,130.56020949222147,5.086621951219513,6.524271844660194,82.0,0.41284257173581773,0.390093685040564,0.046639281886986045,1.0,1.0,0.35487266159901026
13-948,An innate instinct could be,"{'text': array(['Learning how to drive a car', 'a dog drooling when it sees food',
       'Learning a new language', 'Learning how to do a cartwheel'],
      dtype=object), 'label': array(['A', 'B', 'C', 'D'], dtype=object)}",B,An example of an instinct is the kangaroo 's ability to crawl into its mother 's pouch to drink milk,1.0,2.0,cee82219a0,27,109.30989185161889,4.978560606060606,7.672413793103448,66.0,0.27185034656342943,0.3708259274559841,0.22436485941688517,1.0,1.0,0.3601123400308896
14-571,"In the natural world, camouflage is used by animals to","{'text': array(['stand out among their piers', 'avoid being a meal',
       'look stylish for others', 'stay warm in the winter'], dtype=object), 'label': array(['A', 'B', 'C', 'D'], dtype=object)}",B,camouflage is used for hiding by animals against predators,1.0,2.0,3f32b550f3,54,109.30781896412373,5.861893939393941,6.720930232558139,66.0,0.27183659330922316,0.5283276919215061,0.07708083627200871,1.0,1.0,0.36317353645082134
9-213,what causes deposition,"{'text': array(['electricity conduction', 'earth displacement',
       'atomic explosions', 'condensation'], dtype=object), 'label': array(['A', 'B', 'C', 'D'], dtype=object)}",B,erosion causes deposition,1.0,1.2,0d935542d3,22,74.0762647325173,6.218750000000001,8.333333333333334,48.0,0.03808125320528088,0.5919565136637736,0.32667129212532936,1.0,0.6,0.3670127176983151
7-104,"In a warm room, it is likely that the source of heat is","{'text': array(['a series of metal pipes along a wall', 'a small ceiling fan',
       'a stove which is turned off', 'a pile of boxes'], dtype=object), 'label': array(['A', 'B', 'C', 'D'], dtype=object)}",A,a radiator is a source of heat,1.0,1.4,b356d338b7,55,127.3163509760052,5.230936073059361,7.147368421052631,73.0,0.39132012496204016,0.41582545352403766,0.1430909436753211,1.0,0.7,0.3700709566484196
10-1021,Cameras,"{'text': array(['can take snapshots of friends wearing snapbacks',
       'can be used for their microscopic properties',
       'can be used for solving mysteries',
       'can take friends on an adventure'], dtype=object), 'label': array(['A', 'B', 'C', 'D'], dtype=object)}",A,a camera is used for recording images,1.0,0.4,a8ecf6eaeb,7,116.06510016601533,5.616282051282052,7.819767441860465,65.0,0.3166699990438224,0.4845341382407543,0.24717433202781736,1.0,0.2,0.3745135407937182
14-702,_____ tide is a stage in the tide cycle process that surfers like the best,"{'text': array(['low', 'mud', 'high', 'earthy'], dtype=object), 'label': array(['A', 'B', 'C', 'D'], dtype=object)}",C,high tide is a stage in the tide cycle process,1.0,2.0,7b06152ffc,74,105.07069720700383,4.1392105263157895,9.21951219512195,57.0,0.2437240147131635,0.22116654794947277,0.46384653445465757,1.0,1.0,0.3786211291351881
14-827,Plants would be unable to stand if they lacked,"{'text': array(['multiple leaves supported on its torso', 'gel that form shapes',
       'the ability to flower nightly',
       'tiny structures inside the support'], dtype=object), 'label': array(['A', 'B', 'C', 'D'], dtype=object)}",D,a stem is a source of support for a plant,0.8,1.6,52dbc5c7af,46,107.06643064320087,6.473781094527363,7.829545454545455,67.0,0.2569653649263351,0.6374295484354333,0.24868791051337893,0.0,0.8,0.38292484716254416
13-529,Which is true?,"{'text': array(['glaciers make depressions that water can pool in',
       'lions hunt glaciers in the wild',
       'glaciers are generally high temperature objects',
       'glaciers can change directions rapidly for speed'], dtype=object), 'label': array(['A', 'B', 'C', 'D'], dtype=object)}",A,a glacier causes mechanical weathering,1.0,2.0,7b06152ffc,14,128.31025551166385,5.223970588235295,7.241573033707866,68.0,0.3979145116654038,0.4145834805238698,0.15767326009780958,1.0,1.0,0.3910513756861249
10-356,A toad would have better hiding places,"{'text': array(['on a house rooftop', 'in a glass bottle', 'on a forest floor',
       'with a parachute skydiving'], dtype=object), 'label': array(['A', 'B', 'C', 'D'], dtype=object)}",C,camouflage is used for hiding by animals against predators,1.0,2.0,e223f36ae0,38,115.31582604069263,4.9330874316939894,8.25609756097561,61.0,0.31169869329771466,0.3627178838349383,0.3147156517388281,1.0,1.0,0.3967396686614443
7-117,"There are producers that exist in the food chain, and they basically","{'text': array(['are mainly creatures like deer',
       'require photosynthesis to survive',
       'produce a thing called chlorophyll', 'make good money at work'],
      dtype=object), 'label': array(['A', 'B', 'C', 'D'], dtype=object)}",B,producer is a kind of role in the food chain process,0.8,1.2,b356d338b7,68,126.80807704664767,7.27036231884058,6.65,69.0,0.38794781432136033,0.7794630748914001,0.0661012561226921,0.0,0.6,0.40005364360063567
13-305,pushing on the pedals of a bike cause that bike to gain,"{'text': array(['a lightshow', 'new tires', 'kinetic motion', 'extra weight'],
      dtype=object), 'label': array(['A', 'B', 'C', 'D'], dtype=object)}",C,pushing on the pedals of a bike cause that bike to move,1.0,2.0,6240cdfd8d,55,88.5613941308111,4.557902298850575,10.151898734177216,58.0,0.1341876107814732,0.29582091731712434,0.6081744517120862,1.0,1.0,0.4114548939432051
14-396,The temperature of a monitor lizard will increase if it,"{'text': array(['goes into a hole underground', 'hides under a tree',
       'swims in a fountain', 'leaves a rainy forest for a sunny desert'],
      dtype=object), 'label': array(['A', 'B', 'C', 'D'], dtype=object)}",D,"as temperature in the environment increases , the body temperature of a reptile in that environment will increase",1.0,2.0,3f32b550f3,55,109.30824633967131,6.852246376811595,6.883333333333333,69.0,0.271839428872929,0.7049113783396315,0.10221987497454267,1.0,1.0,0.4236912046561309
1455,What is an example of reproduction occurring in adulthood?,"{'text': array(['humans are unable to reproduce until they are legal adults',
       'eggs are unable to be fertilized before they are dropped',
       'dogs are unable to have puppies until they are two years old',
       'cats are unable to produce offspring until they are sexually mature'],
      dtype=object), 'label': array(['A', 'B', 'C', 'D'], dtype=object)}",D,reproduction occurs during adulthood,0.8,1.4,b356d338b7,58,138.80323855299503,7.579583333333335,6.4772727272727275,90.0,0.46753366055128676,0.8345983828828274,0.03936409671288052,0.0,0.7,0.43744884204409834
10-63,A puppy may be taken away from people if they,"{'text': array(['keep it outside lacking protection',
       'play with it affectionately', 'feed it quality food',
       'give it clean water'], dtype=object), 'label': array(['A', 'B', 'C', 'D'], dtype=object)}",A,an animal requires shelter,1.0,2.0,b356d338b7,45,138.30645539052784,6.212435897435898,6.779069767441861,65.0,0.46423758918477714,0.5908306846507217,0.08608049213210456,1.0,1.0,0.442344629790281
11-79,"An iris may have trouble thriving in an arid location, or even in a frozen location, because it needs","{'text': array(['to be dried and preserved', 'a certain climate to boom',
       'a bucket of ice water', 'to be buried in snow'], dtype=object), 'label': array(['A', 'B', 'C', 'D'], dtype=object)}",B,a plant requires a specific climate to grow and survive,1.0,2.0,b356d338b7,101,120.32827876601368,6.367121212121212,7.745,77.0,0.34495546033841556,0.6184116771033724,0.23560077459173429,1.0,1.0,0.45969037361005666
7-24,A smack on a wooden board can be heard a mile away,"{'text': array(['because sound travels through oxygen',
       'because of how sound works', 'because vibration can move',
       'because sound vibrates through atmosphere'], dtype=object), 'label': array(['A', 'B', 'C', 'D'], dtype=object)}",D,sound can travel through air,1.0,0.6,b356d338b7,50,132.57057984545827,7.05949275362319,7.466666666666667,69.0,0.4261810353916211,0.7418642123323628,0.19251642210416953,1.0,0.3,0.47316850094844604
1989,What is an example of wiring requiring an electrical conductor?,"{'text': array(['a light switch turning on lights because of steel inside the wiring',
       'a toasting failing because it used aluminium',
       'a lightbulb burning out because of a faulty connection',
       'a power outage because of an electrical storm'], dtype=object), 'label': array(['A', 'B', 'C', 'D'], dtype=object)}",A,wiring requires an electrical conductor,0.8,1.6,b356d338b7,63,141.30795970279723,6.338095238095239,8.924528301886792,84.0,0.4841520572416123,0.6132362331889333,0.41818477385239017,0.0,0.8,0.49467191928488075
7-820,A herd of deer may be forced to search for a new home if,"{'text': array(['resources in an area become too few to maintain the herd',
       'water in an area becomes slightly briny',
       'more babies are born in the spring',
       'moose move into an area that deer are in'], dtype=object), 'label': array(['A', 'B', 'C', 'D'], dtype=object)}",A,if the amount of available food and water decreases in an environment then animals may leave that environment to find food and water,1.0,1.0,b356d338b7,56,130.55826792679727,7.190910852713179,8.5,86.0,0.412829689781105,0.7652965698675076,0.3524703055909369,1.0,0.5,0.5341789695718648
278,A battery converts chemical energy into,"{'text': array(['energy stored due to the relative positions of charged particles or electric fields',
       'energy stored due to the bombardment of particles',
       'energy stored between the cells of nonadjacent particles',
       'energy that is broken down in particles'], dtype=object), 'label': array(['A', 'B', 'C', 'D'], dtype=object)}",A,a battery converts chemical energy into electrical energy,1.0,1.8,b7b9b1d4ec,39,139.0548305446282,8.361666666666666,12.683168316831683,80.0,0.4692029304104882,0.9740468790629141,1.0,1.0,0.9,0.8279749428420208
